{
  "title": "multilingualpdf",
  "outline": [
    {
      "level": "H1",
      "text": "774ta HKTdUTATT  (7.a.5.)  uraT,  fAraTT-793001",
      "page": 1
    },
    {
      "level": "H1",
      "text": "hrHHAT/Fax  No.  0364 -2223103 $/a-E-mail: agacmeghalaya@cag.gov.in",
      "page": 1
    },
    {
      "level": "H2",
      "text": "(Authority",
      "page": 1
    },
    {
      "level": "H3",
      "text": "Sd/",
      "page": 1
    },
    {
      "level": "H3",
      "text": "circular  on  the  official  website  <  under the  Path:: About Us  2Enctions2Administration",
      "page": 1
    },
    {
      "level": "H1",
      "text": "o .oF.23",
      "page": 1
    },
    {
      "level": "H2",
      "text": "Rkan",
      "page": 1
    },
    {
      "level": "H1",
      "text": "T4T HETdTUTATR  (7a.5.)  *uTaT,  Mar-793001",
      "page": 2
    },
    {
      "level": "H3",
      "text": "MEGHALAYA,  SHILLONG  - 793  001",
      "page": 2
    },
    {
      "level": "H1",
      "text": "theHHEAT/Fax  No.  0364  -2223103 Z/A-E-mail:  agaemeghalaya@cag.gov.in",
      "page": 2
    },
    {
      "level": "H2",
      "text": "gR ReAT:  07",
      "page": 2
    },
    {
      "level": "H1",
      "text": "fAi:  07/07/2022",
      "page": 2
    },
    {
      "level": "H1",
      "text": "(STEATT-ATAT  ET RA  T43 /26/  HEATa  3TAA/  2021  fai 07.07.2022",
      "page": 2
    },
    {
      "level": "H2",
      "text": "HAda",
      "page": 2
    },
    {
      "level": "H2",
      "text": "feoquit  HtAT  93  T  347t at5 34 HEITUTAR  HETEY",
      "page": 2
    },
    {
      "level": "H1",
      "text": "3ITAITHTT)",
      "page": 2
    },
    {
      "level": "H3",
      "text": "T9  HAT.  d ETE  /26/  HEATAT  3TT  2021/108-117",
      "page": 2
    },
    {
      "level": "H1",
      "text": "fiT:07/07/2022",
      "page": 2
    },
    {
      "level": "H1",
      "text": "2",
      "page": 2
    },
    {
      "level": "H2",
      "text": "3  HETTAR  (7RTH)  HETET  va  HETH  FEY,  HTafrs  TTTT  71aqa  HAA,",
      "page": 2
    },
    {
      "level": "H2",
      "text": "3  HRTdTATT  (.E.  va at.ua.HT)  HRICT  u t  HETY5",
      "page": 2
    },
    {
      "level": "H2",
      "text": "5",
      "page": 2
    },
    {
      "level": "H1",
      "text": "6",
      "page": 2
    },
    {
      "level": "H1",
      "text": "OF.OT.R",
      "page": 2
    },
    {
      "level": "H1",
      "text": "संसदीय राजभाषा समिति",
      "page": 3
    },
    {
      "level": "H1",
      "text": "COMMITTEE OF PARLIAMENT ON",
      "page": 3
    },
    {
      "level": "H1",
      "text": "OFFICIAL LANGUAGE",
      "page": 3
    },
    {
      "level": "H2",
      "text": "के न्द्र सरकार के  मंत्रालयों/विभागों/संबद्ध और अधीनस्थ कायाालयों/",
      "page": 3
    },
    {
      "level": "H2",
      "text": "उपक्रमों/संस्थानों आदि में दिन्द्िी के  प्रयोग से संबंधधत",
      "page": 3
    },
    {
      "level": "H1",
      "text": "ननरीक्षण प्रश्‍नािली‍‍",
      "page": 3
    },
    {
      "level": "H1",
      "text": "INSPECTION  QUESTIONNAIRE",
      "page": 3
    },
    {
      "level": "H2",
      "text": "Regarding use of Hindi in Ministries/Departments/Attached and",
      "page": 3
    },
    {
      "level": "H2",
      "text": "Subordinate Offices/Undertakings/Institutes etc. of the",
      "page": 3
    },
    {
      "level": "H2",
      "text": "Central Government",
      "page": 3
    },
    {
      "level": "H3",
      "text": "ननरीक्षण ककए जाने िाले कायाालय",
      "page": 3
    },
    {
      "level": "H2",
      "text": "Name and full address",
      "page": 3
    },
    {
      "level": "H2",
      "text": "राजभाषा अधितियि, 1963 से उद्िरण",
      "page": 4
    },
    {
      "level": "H2",
      "text": "अनुिेश",
      "page": 6
    },
    {
      "level": "H2",
      "text": "भाग  - I",
      "page": 8
    },
    {
      "level": "H2",
      "text": "1- सामान्द्य सूचना",
      "page": 8
    },
    {
      "level": "H1",
      "text": "ANNEXURE-1",
      "page": 65
    },
    {
      "level": "H2",
      "text": "अिुबंि - 1",
      "page": 66
    },
    {
      "level": "H2",
      "text": "पतरभाषाएं",
      "page": 66
    },
    {
      "level": "H2",
      "text": "अनुबंध – II",
      "page": 68
    },
    {
      "level": "H2",
      "text": "COMMITTEE OF PARLIAMENT ON OFFICIAL LANGUAGE",
      "page": 91
    },
    {
      "level": "H2",
      "text": "संसदीय राजभाषा समिति",
      "page": 92
    }
  ]
}