{
  "title": "BAJHLIP23020V012223",
  "outline": [
    {
      "level": "H1",
      "text": "Policy Wordings",
      "page": 1
    },
    {
      "level": "H3",
      "text": "UIN- BAJHLIP23020V012223",
      "page": 1
    },
    {
      "level": "H3",
      "text": "UIN- BAJHLIP23020V012223 Global Health Care/ Policy Wordings/Page 1",
      "page": 1
    },
    {
      "level": "H3",
      "text": "UIN- BAJHLIP23020V012223 Global Health Care/ Policy Wordings/Page 2",
      "page": 2
    },
    {
      "level": "H3",
      "text": "UIN- BAJHLIP23020V012223 Global Health Care/ Policy Wordings/Page 3",
      "page": 3
    },
    {
      "level": "H3",
      "text": "UIN- BAJHLIP23020V012223 Global Health Care/ Policy Wordings/Page 4",
      "page": 4
    },
    {
      "level": "H3",
      "text": "UIN- BAJHLIP23020V012223 Global Health Care/ Policy Wordings/Page 5",
      "page": 5
    },
    {
      "level": "H3",
      "text": "UIN- BAJHLIP23020V012223 Global Health Care/ Policy Wordings/Page 6",
      "page": 6
    },
    {
      "level": "H3",
      "text": "UIN- BAJHLIP23020V012223 Global Health Care/ Policy Wordings/Page 7",
      "page": 7
    },
    {
      "level": "H3",
      "text": "UIN- BAJHLIP23020V012223 Global Health Care/ Policy Wordings/Page 8",
      "page": 8
    },
    {
      "level": "H3",
      "text": "UIN- BAJHLIP23020V012223 Global Health Care/ Policy Wordings/Page 9",
      "page": 9
    },
    {
      "level": "H3",
      "text": "UIN- BAJHLIP23020V012223 Global Health Care/ Policy Wordings/Page 10",
      "page": 10
    },
    {
      "level": "H3",
      "text": "UIN- BAJHLIP23020V012223 Global Health Care/ Policy Wordings/Page 11",
      "page": 11
    },
    {
      "level": "H3",
      "text": "UIN- BAJHLIP23020V012223 Global Health Care/ Policy Wordings/Page 12",
      "page": 12
    },
    {
      "level": "H3",
      "text": "UIN- BAJHLIP23020V012223 Global Health Care/ Policy Wordings/Page 13",
      "page": 13
    },
    {
      "level": "H3",
      "text": "UIN- BAJHLIP23020V012223 Global Health Care/ Policy Wordings/Page 14",
      "page": 14
    },
    {
      "level": "H3",
      "text": "UIN- BAJHLIP23020V012223 Global Health Care/ Policy Wordings/Page 15",
      "page": 15
    },
    {
      "level": "H3",
      "text": "UIN- BAJHLIP23020V012223 Global Health Care/ Policy Wordings/Page 16",
      "page": 16
    },
    {
      "level": "H3",
      "text": "UIN- BAJHLIP23020V012223 Global Health Care/ Policy Wordings/Page 17",
      "page": 17
    },
    {
      "level": "H3",
      "text": "UIN- BAJHLIP23020V012223 Global Health Care/ Policy Wordings/Page 18",
      "page": 18
    },
    {
      "level": "H3",
      "text": "UIN- BAJHLIP23020V012223 Global Health Care/ Policy Wordings/Page 19",
      "page": 19
    },
    {
      "level": "H3",
      "text": "UIN- BAJHLIP23020V012223 Global Health Care/ Policy Wordings/Page 20",
      "page": 20
    },
    {
      "level": "H3",
      "text": "UIN- BAJHLIP23020V012223 Global Health Care/ Policy Wordings/Page 21",
      "page": 21
    },
    {
      "level": "H3",
      "text": "UIN- BAJHLIP23020V012223 Global Health Care/ Policy Wordings/Page 22",
      "page": 22
    },
    {
      "level": "H3",
      "text": "UIN- BAJHLIP23020V012223 Global Health Care/ Policy Wordings/Page 23",
      "page": 23
    },
    {
      "level": "H3",
      "text": "UIN- BAJHLIP23020V012223 Global Health Care/ Policy Wordings/Page 24",
      "page": 24
    },
    {
      "level": "H3",
      "text": "UIN- BAJHLIP23020V012223 Global Health Care/ Policy Wordings/Page 25",
      "page": 25
    },
    {
      "level": "H3",
      "text": "UIN- BAJHLIP23020V012223 Global Health Care/ Policy Wordings/Page 26",
      "page": 26
    },
    {
      "level": "H3",
      "text": "UIN- BAJHLIP23020V012223 Global Health Care/ Policy Wordings/Page 27",
      "page": 27
    },
    {
      "level": "H3",
      "text": "UIN- BAJHLIP23020V012223 Global Health Care/ Policy Wordings/Page 28",
      "page": 28
    },
    {
      "level": "H3",
      "text": "UIN- BAJHLIP23020V012223 Global Health Care/ Policy Wordings/Page 29",
      "page": 29
    },
    {
      "level": "H3",
      "text": "UIN- BAJHLIP23020V012223 Global Health Care/ Policy Wordings/Page 30",
      "page": 30
    },
    {
      "level": "H3",
      "text": "UIN- BAJHLIP23020V012223 Global Health Care/ Policy Wordings/Page 31",
      "page": 31
    },
    {
      "level": "H3",
      "text": "UIN- BAJHLIP23020V012223 Global Health Care/ Policy Wordings/Page 32",
      "page": 32
    },
    {
      "level": "H3",
      "text": "UIN- BAJHLIP23020V012223 Global Health Care/ Policy Wordings/Page 33",
      "page": 33
    },
    {
      "level": "H3",
      "text": "UIN- BAJHLIP23020V012223 Global Health Care/ Policy Wordings/Page 34",
      "page": 34
    },
    {
      "level": "H3",
      "text": "UIN- BAJHLIP23020V012223 Global Health Care/ Policy Wordings/Page 35",
      "page": 35
    },
    {
      "level": "H3",
      "text": "UIN- BAJHLIP23020V012223 Global Health Care/ Policy Wordings/Page 36",
      "page": 36
    },
    {
      "level": "H3",
      "text": "UIN- BAJHLIP23020V012223 Global Health Care/ Policy Wordings/Page 37",
      "page": 37
    },
    {
      "level": "H3",
      "text": "UIN- BAJHLIP23020V012223 Global Health Care/ Policy Wordings/Page 38",
      "page": 38
    },
    {
      "level": "H3",
      "text": "UIN- BAJHLIP23020V012223 Global Health Care/ Policy Wordings/Page 39",
      "page": 39
    },
    {
      "level": "H3",
      "text": "UIN- BAJHLIP23020V012223 Global Health Care/ Policy Wordings/Page 40",
      "page": 40
    },
    {
      "level": "H3",
      "text": "UIN- BAJHLIP23020V012223 Global Health Care/ Policy Wordings/Page 41",
      "page": 41
    },
    {
      "level": "H3",
      "text": "UIN- BAJHLIP23020V012223 Global Health Care/ Policy Wordings/Page 42",
      "page": 42
    },
    {
      "level": "H3",
      "text": "UIN- BAJHLIP23020V012223 Global Health Care/ Policy Wordings/Page 43",
      "page": 43
    },
    {
      "level": "H3",
      "text": "UIN- BAJHLIP23020V012223 Global Health Care/ Policy Wordings/Page 44",
      "page": 44
    },
    {
      "level": "H3",
      "text": "UIN- BAJHLIP23020V012223 Global Health Care/ Policy Wordings/Page 45",
      "page": 45
    },
    {
      "level": "H3",
      "text": "UIN- BAJHLIP23020V012223 Global Health Care/ Policy Wordings/Page 46",
      "page": 46
    },
    {
      "level": "H3",
      "text": "UIN- BAJHLIP23020V012223 Global Health Care/ Policy Wordings/Page 47",
      "page": 47
    },
    {
      "level": "H3",
      "text": "UIN- BAJHLIP23020V012223 Global Health Care/ Policy Wordings/Page 48",
      "page": 48
    },
    {
      "level": "H2",
      "text": "ICD",
      "page": 49
    },
    {
      "level": "H2",
      "text": "Description",
      "page": 49
    },
    {
      "level": "H2",
      "text": "Code",
      "page": 49
    },
    {
      "level": "H2",
      "text": "F00-F09  Organic, including symptomatic, mental disorders",
      "page": 49
    },
    {
      "level": "H2",
      "text": "F20-F29  Schizophrenia, schizotypal and delusional disorders",
      "page": 49
    },
    {
      "level": "H2",
      "text": "F30-F39  Mood [affective] disorders",
      "page": 49
    },
    {
      "level": "H2",
      "text": "F40-F48  Neurotic, stress-related and somatoform disorders",
      "page": 49
    },
    {
      "level": "H2",
      "text": "F50-F59  Behavioural syndromes associated with physiological disturbances and physical factors",
      "page": 49
    },
    {
      "level": "H2",
      "text": "F60-F69  Disorders of adult personality and behaviour",
      "page": 49
    },
    {
      "level": "H2",
      "text": "F80-F89  Disorders of psychological development",
      "page": 49
    },
    {
      "level": "H2",
      "text": "Behavioural and emotional disorders with onset usually occurring in childhood and",
      "page": 49
    },
    {
      "level": "H2",
      "text": "F90-F98",
      "page": 49
    },
    {
      "level": "H2",
      "text": "adolescence",
      "page": 49
    },
    {
      "level": "H2",
      "text": "F99 Unspecified mental disorder",
      "page": 49
    },
    {
      "level": "H3",
      "text": "UIN- BAJHLIP23020V012223 Global Health Care/ Policy Wordings/Page 49",
      "page": 49
    }
  ]
}