{
  "title": "HDFHLIP23024V072223",
  "outline": [
    {
      "level": "H3",
      "text": "Preamble",
      "page": 1
    },
    {
      "level": "H3",
      "text": "Section A. Other Important Terms You should know",
      "page": 1
    },
    {
      "level": "H3",
      "text": "Section B. Benefits",
      "page": 9
    },
    {
      "level": "H3",
      "text": "Section C. Exclusions & Waiting Period",
      "page": 15
    },
    {
      "level": "H3",
      "text": "Section D. General Conditions",
      "page": 20
    },
    {
      "level": "H3",
      "text": "Section E. Other Terms & Conditions",
      "page": 30
    },
    {
      "level": "H2",
      "text": "List II – Items that are to be subsumed into Room Charges",
      "page": 37
    },
    {
      "level": "H2",
      "text": "List III – Items that are to be subsumed into Procedure Charges",
      "page": 38
    }
  ]
}