{
  "title": "ICIHLIP22012V012223",
  "outline": [
    {
      "level": "H1",
      "text": "Golden Shield",
      "page": 1
    },
    {
      "level": "H1",
      "text": "Policy Wording",
      "page": 1
    },
    {
      "level": "H2",
      "text": "Golden Shield",
      "page": 2
    },
    {
      "level": "H2",
      "text": "Golden Shield",
      "page": 3
    },
    {
      "level": "H2",
      "text": "Golden Shield",
      "page": 4
    },
    {
      "level": "H2",
      "text": "Golden Shield",
      "page": 5
    },
    {
      "level": "H2",
      "text": "Golden Shield",
      "page": 6
    },
    {
      "level": "H2",
      "text": "Golden Shield",
      "page": 7
    },
    {
      "level": "H2",
      "text": "Golden Shield",
      "page": 8
    },
    {
      "level": "H2",
      "text": "Golden Shield",
      "page": 9
    },
    {
      "level": "H2",
      "text": "Golden Shield",
      "page": 10
    },
    {
      "level": "H2",
      "text": "Golden Shield",
      "page": 11
    },
    {
      "level": "H2",
      "text": "Golden Shield",
      "page": 12
    },
    {
      "level": "H2",
      "text": "Golden Shield",
      "page": 13
    },
    {
      "level": "H2",
      "text": "Golden Shield",
      "page": 14
    },
    {
      "level": "H2",
      "text": "Golden Shield",
      "page": 15
    },
    {
      "level": "H2",
      "text": "Golden Shield",
      "page": 16
    },
    {
      "level": "H2",
      "text": "Golden Shield",
      "page": 17
    },
    {
      "level": "H2",
      "text": "Golden Shield",
      "page": 18
    },
    {
      "level": "H2",
      "text": "Golden Shield",
      "page": 19
    },
    {
      "level": "H2",
      "text": "Golden Shield",
      "page": 20
    },
    {
      "level": "H2",
      "text": "Golden Shield",
      "page": 21
    },
    {
      "level": "H2",
      "text": "Golden Shield",
      "page": 22
    },
    {
      "level": "H2",
      "text": "Golden Shield",
      "page": 23
    },
    {
      "level": "H2",
      "text": "Golden Shield",
      "page": 24
    },
    {
      "level": "H2",
      "text": "Golden Shield",
      "page": 25
    },
    {
      "level": "H2",
      "text": "Golden Shield",
      "page": 26
    },
    {
      "level": "H2",
      "text": "Golden Shield",
      "page": 27
    },
    {
      "level": "H2",
      "text": "Golden Shield",
      "page": 28
    },
    {
      "level": "H2",
      "text": "Golden Shield",
      "page": 29
    },
    {
      "level": "H2",
      "text": "Golden Shield",
      "page": 30
    },
    {
      "level": "H2",
      "text": "Golden Shield",
      "page": 31
    }
  ]
}