{
  "title": "Adobe Round-2 Problem Statement",
  "outline": [
    {
      "level": "H1",
      "text": "Welcome to the “Connecting the Dots” Challenge",
      "page": 2
    },
    {
      "level": "H1",
      "text": "Round 1A: Understand Your Document",
      "page": 3
    },
    {
      "level": "H1",
      "text": "Round 1B: Persona-Driven Document Intelligence",
      "page": 7
    },
    {
      "level": "H1",
      "text": "https://github.com/jhaaj08/Adobe-India-",
      "page": 10
    },
    {
      "level": "H1",
      "text": "Hackathon25.git",
      "page": 10
    }
  ]
}