{
  "title": "CHOTGDP23004V012223",
  "outline": [
    {
      "level": "H3",
      "text": "CHOTGDP23004V012223",
      "page": 1
    },
    {
      "level": "H1",
      "text": "GROUP DOMESTIC TRAVEL INSURANCE",
      "page": 1
    },
    {
      "level": "H3",
      "text": "CHOTGDP23004V012223",
      "page": 2
    },
    {
      "level": "H3",
      "text": "CHOTGDP23004V012223",
      "page": 3
    },
    {
      "level": "H3",
      "text": "CHOTGDP23004V012223",
      "page": 4
    },
    {
      "level": "H3",
      "text": "CHOTGDP23004V012223",
      "page": 5
    },
    {
      "level": "H3",
      "text": "CHOTGDP23004V012223",
      "page": 6
    },
    {
      "level": "H3",
      "text": "CHOTGDP23004V012223",
      "page": 7
    },
    {
      "level": "H3",
      "text": "CHOTGDP23004V012223",
      "page": 8
    },
    {
      "level": "H3",
      "text": "CHOTGDP23004V012223",
      "page": 9
    },
    {
      "level": "H3",
      "text": "CHOTGDP23004V012223",
      "page": 10
    },
    {
      "level": "H3",
      "text": "CHOTGDP23004V012223",
      "page": 11
    },
    {
      "level": "H3",
      "text": "CHOTGDP23004V012223",
      "page": 12
    },
    {
      "level": "H3",
      "text": "CHOTGDP23004V012223",
      "page": 13
    },
    {
      "level": "H3",
      "text": "CHOTGDP23004V012223",
      "page": 14
    },
    {
      "level": "H3",
      "text": "CHOTGDP23004V012223",
      "page": 15
    },
    {
      "level": "H3",
      "text": "CHOTGDP23004V012223",
      "page": 16
    },
    {
      "level": "H3",
      "text": "CHOTGDP23004V012223",
      "page": 17
    },
    {
      "level": "H3",
      "text": "CHOTGDP23004V012223",
      "page": 18
    },
    {
      "level": "H3",
      "text": "CHOTGDP23004V012223",
      "page": 19
    },
    {
      "level": "H3",
      "text": "CHOTGDP23004V012223",
      "page": 20
    },
    {
      "level": "H3",
      "text": "CHOTGDP23004V012223",
      "page": 21
    },
    {
      "level": "H3",
      "text": "CHOTGDP23004V012223",
      "page": 22
    },
    {
      "level": "H3",
      "text": "CHOTGDP23004V012223",
      "page": 23
    },
    {
      "level": "H3",
      "text": "CHOTGDP23004V012223",
      "page": 24
    },
    {
      "level": "H3",
      "text": "CHOTGDP23004V012223",
      "page": 25
    },
    {
      "level": "H3",
      "text": "CHOTGDP23004V012223",
      "page": 26
    },
    {
      "level": "H3",
      "text": "CHOTGDP23004V012223",
      "page": 27
    },
    {
      "level": "H3",
      "text": "CHOTGDP23004V012223",
      "page": 28
    },
    {
      "level": "H3",
      "text": "CHOTGDP23004V012223",
      "page": 29
    },
    {
      "level": "H3",
      "text": "CHOTGDP23004V012223",
      "page": 30
    },
    {
      "level": "H3",
      "text": "CHOTGDP23004V012223",
      "page": 31
    },
    {
      "level": "H3",
      "text": "CHOTGDP23004V012223",
      "page": 32
    },
    {
      "level": "H3",
      "text": "CHOTGDP23004V012223",
      "page": 33
    },
    {
      "level": "H3",
      "text": "CHOTGDP23004V012223",
      "page": 34
    },
    {
      "level": "H3",
      "text": "CHOTGDP23004V012223",
      "page": 35
    },
    {
      "level": "H3",
      "text": "CHOTGDP23004V012223",
      "page": 36
    },
    {
      "level": "H3",
      "text": "CHOTGDP23004V012223",
      "page": 37
    },
    {
      "level": "H3",
      "text": "CHOTGDP23004V012223",
      "page": 38
    },
    {
      "level": "H3",
      "text": "CHOTGDP23004V012223",
      "page": 39
    },
    {
      "level": "H3",
      "text": "CHOTGDP23004V012223",
      "page": 40
    },
    {
      "level": "H3",
      "text": "CHOTGDP23004V012223",
      "page": 41
    },
    {
      "level": "H3",
      "text": "CHOTGDP23004V012223",
      "page": 42
    },
    {
      "level": "H3",
      "text": "CHOTGDP23004V012223",
      "page": 43
    },
    {
      "level": "H3",
      "text": "CHOTGDP23004V012223",
      "page": 44
    },
    {
      "level": "H3",
      "text": "CHOTGDP23004V012223",
      "page": 45
    },
    {
      "level": "H3",
      "text": "CHOTGDP23004V012223",
      "page": 46
    },
    {
      "level": "H3",
      "text": "CHOTGDP23004V012223",
      "page": 47
    },
    {
      "level": "H3",
      "text": "CHOTGDP23004V012223",
      "page": 48
    },
    {
      "level": "H3",
      "text": "CHOTGDP23004V012223",
      "page": 49
    },
    {
      "level": "H3",
      "text": "CHOTGDP23004V012223",
      "page": 50
    },
    {
      "level": "H3",
      "text": "CHOTGDP23004V012223",
      "page": 51
    },
    {
      "level": "H3",
      "text": "CHOTGDP23004V012223",
      "page": 52
    },
    {
      "level": "H3",
      "text": "CHOTGDP23004V012223",
      "page": 53
    },
    {
      "level": "H3",
      "text": "CHOTGDP23004V012223",
      "page": 54
    },
    {
      "level": "H3",
      "text": "CHOTGDP23004V012223",
      "page": 55
    },
    {
      "level": "H3",
      "text": "CHOTGDP23004V012223",
      "page": 56
    },
    {
      "level": "H3",
      "text": "CHOTGDP23004V012223",
      "page": 57
    },
    {
      "level": "H3",
      "text": "CHOTGDP23004V012223",
      "page": 58
    },
    {
      "level": "H3",
      "text": "CHOTGDP23004V012223",
      "page": 59
    },
    {
      "level": "H3",
      "text": "CHOTGDP23004V012223",
      "page": 60
    },
    {
      "level": "H3",
      "text": "CHOTGDP23004V012223",
      "page": 61
    },
    {
      "level": "H3",
      "text": "CHOTGDP23004V012223",
      "page": 62
    },
    {
      "level": "H3",
      "text": "CHOTGDP23004V012223",
      "page": 63
    },
    {
      "level": "H3",
      "text": "CHOTGDP23004V012223",
      "page": 64
    },
    {
      "level": "H3",
      "text": "CHOTGDP23004V012223",
      "page": 65
    },
    {
      "level": "H3",
      "text": "CHOTGDP23004V012223",
      "page": 66
    },
    {
      "level": "H3",
      "text": "CHOTGDP23004V012223",
      "page": 67
    },
    {
      "level": "H3",
      "text": "CHOTGDP23004V012223",
      "page": 68
    },
    {
      "level": "H3",
      "text": "CHOTGDP23004V012223",
      "page": 69
    },
    {
      "level": "H3",
      "text": "CHOTGDP23004V012223",
      "page": 70
    },
    {
      "level": "H3",
      "text": "CHOTGDP23004V012223",
      "page": 71
    },
    {
      "level": "H3",
      "text": "CHOTGDP23004V012223",
      "page": 72
    },
    {
      "level": "H3",
      "text": "CHOTGDP23004V012223",
      "page": 73
    },
    {
      "level": "H3",
      "text": "CHOTGDP23004V012223",
      "page": 74
    },
    {
      "level": "H3",
      "text": "CHOTGDP23004V012223",
      "page": 75
    },
    {
      "level": "H3",
      "text": "CHOTGDP23004V012223",
      "page": 76
    },
    {
      "level": "H3",
      "text": "CHOTGDP23004V012223",
      "page": 77
    },
    {
      "level": "H3",
      "text": "CHOTGDP23004V012223",
      "page": 78
    },
    {
      "level": "H3",
      "text": "CHOTGDP23004V012223",
      "page": 79
    },
    {
      "level": "H3",
      "text": "CHOTGDP23004V012223",
      "page": 80
    },
    {
      "level": "H3",
      "text": "CHOTGDP23004V012223",
      "page": 81
    },
    {
      "level": "H3",
      "text": "CHOTGDP23004V012223",
      "page": 82
    },
    {
      "level": "H3",
      "text": "CHOTGDP23004V012223",
      "page": 83
    },
    {
      "level": "H3",
      "text": "CHOTGDP23004V012223",
      "page": 84
    },
    {
      "level": "H3",
      "text": "CHOTGDP23004V012223",
      "page": 85
    },
    {
      "level": "H3",
      "text": "CHOTGDP23004V012223",
      "page": 86
    },
    {
      "level": "H3",
      "text": "CHOTGDP23004V012223",
      "page": 87
    },
    {
      "level": "H3",
      "text": "CHOTGDP23004V012223",
      "page": 88
    },
    {
      "level": "H3",
      "text": "CHOTGDP23004V012223",
      "page": 89
    },
    {
      "level": "H3",
      "text": "ANNEXURE – I",
      "page": 89
    },
    {
      "level": "H3",
      "text": "CLAIM DOCUMENTATION APPLICABLE TO VARIOUS COVERS UNDER THE POLICY",
      "page": 89
    },
    {
      "level": "H3",
      "text": "CHOTGDP23004V012223",
      "page": 90
    },
    {
      "level": "H3",
      "text": "CHOTGDP23004V012223",
      "page": 91
    },
    {
      "level": "H3",
      "text": "CHOTGDP23004V012223",
      "page": 92
    },
    {
      "level": "H3",
      "text": "CHOTGDP23004V012223",
      "page": 93
    },
    {
      "level": "H3",
      "text": "CHOTGDP23004V012223",
      "page": 94
    },
    {
      "level": "H3",
      "text": "CHOTGDP23004V012223",
      "page": 95
    },
    {
      "level": "H3",
      "text": "CHOTGDP23004V012223",
      "page": 96
    },
    {
      "level": "H3",
      "text": "CHOTGDP23004V012223",
      "page": 97
    },
    {
      "level": "H3",
      "text": "CHOTGDP23004V012223",
      "page": 98
    },
    {
      "level": "H3",
      "text": "CHOTGDP23004V012223",
      "page": 99
    },
    {
      "level": "H3",
      "text": "CHOTGDP23004V012223",
      "page": 100
    },
    {
      "level": "H3",
      "text": "CHOTGDP23004V012223",
      "page": 101
    }
  ]
}