{
  "title": "A_78_790-EN",
  "outline": [
    {
      "level": "H2",
      "text": "A/78/790",
      "page": 1
    },
    {
      "level": "H1",
      "text": "United Nations",
      "page": 1
    },
    {
      "level": "H1",
      "text": "General Assembly",
      "page": 1
    },
    {
      "level": "H1",
      "text": "Multilingualism",
      "page": 1
    },
    {
      "level": "H2",
      "text": "Report of the Secretary-General",
      "page": 1
    },
    {
      "level": "H2",
      "text": "Summary",
      "page": 1
    },
    {
      "level": "H2",
      "text": "*2403846*",
      "page": 1
    },
    {
      "level": "H1",
      "text": "I.  Introduction",
      "page": 2
    },
    {
      "level": "H1",
      "text": "II.  Coordination of multilingualism",
      "page": 2
    },
    {
      "level": "H2",
      "text": "A.  Coordinator for Multilingualism",
      "page": 2
    },
    {
      "level": "H2",
      "text": "B.  Coordination within the Secretariat",
      "page": 2
    },
    {
      "level": "H2",
      "text": "C.  Outreach to Member States and other stakeholders",
      "page": 5
    },
    {
      "level": "H1",
      "text": "III.  Integrating multilingualism into the Secretariat: status of",
      "page": 6
    },
    {
      "level": "H1",
      "text": "implementation and key findings",
      "page": 6
    },
    {
      "level": "H2",
      "text": "A.  Information and communications",
      "page": 6
    },
    {
      "level": "H2",
      "text": "B.  Management",
      "page": 12
    },
    {
      "level": "H1",
      "text": "IV.  Recommendations",
      "page": 24
    }
  ]
}