{
  "title": "NumberedHeadings",
  "outline": [
    {
      "level": "H1",
      "text": "Automatically Numbered Headings",
      "page": 1
    },
    {
      "level": "H2",
      "text": "This method uses your own custom",
      "page": 1
    },
    {
      "level": "H2",
      "text": "The basis for the method",
      "page": 1
    },
    {
      "level": "H2",
      "text": "Custom headings: Legal style",
      "page": 2
    },
    {
      "level": "H2",
      "text": "Custom  headings:  Standard",
      "page": 5
    },
    {
      "level": "H2",
      "text": "style and Roman style",
      "page": 5
    },
    {
      "level": "H2",
      "text": "How  to  use  the  new  Outline",
      "page": 6
    },
    {
      "level": "H2",
      "text": "styles",
      "page": 6
    },
    {
      "level": "H2",
      "text": "Enabling a custom Outline in a",
      "page": 6
    },
    {
      "level": "H2",
      "text": "document with a mouse click or",
      "page": 6
    },
    {
      "level": "H2",
      "text": "keystroke",
      "page": 6
    },
    {
      "level": "H2",
      "text": "Sample 1",
      "page": 7
    },
    {
      "level": "H2",
      "text": "1",
      "page": 7
    },
    {
      "level": "H2",
      "text": "New Rules of the Road",
      "page": 7
    },
    {
      "level": "H2",
      "text": "Sample 2",
      "page": 8
    },
    {
      "level": "H2",
      "text": "Sample 3",
      "page": 9
    }
  ]
}